Lake,Current Level (m),Day +1,Day +2,Day +3,Day +4,Day +5,Day +6,Day +7
Adhala,1.6424763029778895,2.8449356611763577,2.589642062241094,2.353236787267413,2.333641516613503,2.1175672842864044,2.138529980558145,2.0603699967217497
Girija,0.1343715013619449,0.07270347863726925,0.03995956745181069,0.08889884790745686,0.16266240607461258,0.348698468960696,0.20927600118286138,0.2645598240761782
Indravati,1.2870673110184851,1.6663603429603724,1.6723589397371978,1.619617472865488,1.4139056053211911,1.6807561657722405,1.3721591367234736,1.3915128940129962
Manjira,0.0910677788946559,0.11928915475709057,0.13509769228874607,-0.0984507894014465,0.14999183451956455,0.1937788156771898,0.08029875728676232,0.20822696606668722
Valamuru,-0.8054900939368784,-0.9197544053371244,-0.7362704332293251,-0.773408246771914,-0.6921581792743292,-0.8727882799331376,-0.793675961802313,-0.8836489628948196
Sabari,0.1596692356584716,0.2279519659131981,0.2258017621028239,0.2917303137551397,0.12445602916942858,0.10669941396825461,0.17203197693232394,0.03817407548508042
