Lake,Current Level (m),Day +1,Day +2,Day +3,Day +4,Day +5,Day +6,Day +7
Adhala,-0.5726467674868607,0.0944563226657506,0.03694563567251468,-0.1276794206048863,-0.09057175667604012,-0.15361349841599248,0.09647761564173848,-0.14986597147893435
Girija,0.128999534294842,0.03027611952704845,0.1936078437220191,-0.008909128805237875,-0.11023424723635025,0.02768108540055357,-0.027952433167815673,-0.013262775975450747
Indravati,-0.2254898970640047,-0.004171503610514676,-0.0911157033105977,0.09329733823461323,-0.13697122780570245,-0.024585299608816905,-0.053290965962290285,-0.03180481737480316
Manjira,-0.5436053782838228,0.03754375643546566,0.11727678456662843,0.04137054409771689,0.020350558402731204,0.04765930354546402,0.007519342603329773,0.003740731592892728
Valamuru,-0.8061136561502805,0.07606203237627679,0.03256884108469184,0.05246337675761014,-0.04988806865228226,-0.1589568629183109,-0.04803564622835544,0.08691618845785792
Sabari,-0.2617864470899148,0.09453176122520618,-0.001635257233239992,-0.08608520390361936,0.13450236055174336,0.035055304307157684,-0.07682530520403659,-0.2305580765891555
